开始时间,持续时间,事件大类,事件类别,内容类型,事件内容,备注,Tag,状态
2022-02-18 00:00,60,未分类,摸鱼,未分类,,,,已完成
2022-02-18 01:00,15,未分类,隐私相关1,未分类,,,,已完成
2022-02-18 01:15,435,未分类,休息,未分类,,,,已完成
2022-02-18 08:30,90,未分类,摸鱼,未分类,,,,已完成
2022-02-18 10:00,90,未分类,打游戏,未分类,,,,已完成
2022-02-18 11:30,60,未分类,家务事,未分类,,,,已完成
2022-02-18 12:30,60,未分类,打游戏,未分类,,,,已完成
2022-02-18 13:30,15,未分类,碎片时间,未分类,,,,已完成
2022-02-18 13:45,30,未分类,代码,未分类,,,,已完成
2022-02-18 14:15,30,未分类,碎片时间,未分类,,,,已完成
2022-02-18 14:45,165,未分类,打游戏,未分类,,,,已完成
2022-02-18 17:30,15,未分类,碎片时间,未分类,,,,已完成
2022-02-18 17:45,105,未分类,家务事,未分类,,,,已完成
2022-02-18 19:30,15,未分类,摸鱼,未分类,,,,已完成
2022-02-18 19:45,15,未分类,打游戏,未分类,,,,已完成
2022-02-18 20:00,30,未分类,摸鱼,未分类,,,,已完成
2022-02-18 20:30,60,未分类,碎片时间,未分类,,,,已完成
2022-02-18 21:30,75,未分类,摸鱼,未分类,,,,已完成
2022-02-18 22:45,15,未分类,碎片时间,未分类,,,,已完成
2022-02-18 23:00,15,未分类,打游戏,未分类,,,,已完成
2022-02-18 23:15,15,未分类,碎片时间,未分类,,,,已完成
2022-02-18 23:30,15,未分类,打游戏,未分类,,,,已完成
2022-02-18 23:45,75,未分类,摸鱼,未分类,,,,已完成
2022-02-21 01:00,435,未分类,休息,未分类,,,,已完成
2022-02-21 08:15,135,未分类,摸鱼,未分类,,,,已完成
2022-02-21 10:30,45,未分类,代码,未分类,,,,已完成
2022-02-21 11:15,15,未分类,碎片时间,未分类,,,,已完成
2022-02-21 11:30,30,未分类,家务事,未分类,,,,已完成
2022-02-21 12:00,45,未分类,摸鱼,未分类,,,,已完成
2022-02-21 12:45,15,未分类,碎片时间,未分类,,,,已完成
2022-02-21 13:00,90,未分类,代码,未分类,,,,已完成
2022-02-21 14:30,15,未分类,业余爱好,未分类,,,,已完成
2022-02-21 14:45,15,未分类,碎片时间,未分类,,,,已完成
2022-02-21 15:00,60,未分类,摸鱼,未分类,,,,已完成
2022-02-21 16:00,15,未分类,碎片时间,未分类,,,,已完成
2022-02-21 16:15,15,未分类,代码,未分类,,,,已完成
2022-02-21 16:30,60,未分类,摸鱼,未分类,,,,已完成
2022-02-21 17:30,60,未分类,家务事,未分类,,,,已完成
2022-02-21 18:30,15,未分类,碎片时间,未分类,,,,已完成
2022-02-21 18:45,15,未分类,家务事,未分类,,,,已完成
2022-02-21 19:00,15,未分类,碎片时间,未分类,,,,已完成
2022-02-21 19:15,15,未分类,摸鱼,未分类,,,,已完成
2022-02-21 19:30,15,未分类,代码,未分类,,,,已完成
2022-02-21 19:45,15,未分类,碎片时间,未分类,,,,已完成
2022-02-21 20:00,30,未分类,代码,未分类,,,,已完成
2022-02-21 20:30,30,未分类,碎片时间,未分类,,,,已完成
2022-02-21 21:00,30,未分类,杂务事,未分类,,,,已完成
2022-02-21 21:30,15,未分类,摸鱼,未分类,,,,已完成
2022-02-21 21:45,15,未分类,碎片时间,未分类,,,,已完成
2022-02-21 22:00,45,未分类,代码,未分类,,,,已完成
2022-02-21 22:45,15,未分类,碎片时间,未分类,,,,已完成
2022-02-21 23:00,15,未分类,摸鱼,未分类,,,,已完成
2022-02-21 23:15,15,未分类,碎片时间,未分类,,,,已完成
2022-02-21 23:30,45,未分类,打游戏,未分类,,,,已完成
2022-02-22 00:15,75,未分类,摸鱼,未分类,,,,已完成
2022-02-22 01:30,360,未分类,休息,未分类,,,,已完成
2022-02-22 07:30,150,未分类,摸鱼,未分类,,,,已完成
2022-02-22 10:00,15,未分类,碎片时间,未分类,,,,已完成
2022-02-22 10:15,45,未分类,打游戏,未分类,,,,已完成
2022-02-22 11:00,15,未分类,碎片时间,未分类,,,,已完成
2022-02-22 11:15,30,未分类,家务事,未分类,,,,已完成
2022-02-22 11:45,30,未分类,摸鱼,未分类,,,,已完成
2022-02-22 12:15,15,未分类,代码,未分类,,,,已完成
2022-02-22 12:30,30,未分类,打游戏,未分类,,,,已完成
2022-02-22 13:00,75,未分类,碎片时间,未分类,,,,已完成
2022-02-22 14:15,90,未分类,隐私相关1,未分类,,,,已完成
2022-02-22 15:45,30,未分类,休息,未分类,,,,已完成
2022-02-22 16:15,15,未分类,摸鱼,未分类,,,,已完成
2022-02-22 16:30,60,未分类,家务事,未分类,,,,已完成
2022-02-22 17:30,60,未分类,摸鱼,未分类,,,,已完成
2022-02-22 18:30,30,未分类,家务事,未分类,,,,已完成
2022-02-22 19:00,45,未分类,摸鱼,未分类,,,,已完成
2022-02-22 19:45,15,未分类,家务事,未分类,,,,已完成
2022-02-22 20:00,15,未分类,摸鱼,未分类,,,,已完成
2022-02-22 20:15,75,未分类,打游戏,未分类,,,,已完成
2022-02-22 21:30,30,未分类,摸鱼,未分类,,,,已完成
2022-02-22 22:00,15,未分类,碎片时间,未分类,,,,已完成
2022-02-22 22:15,15,未分类,摸鱼,未分类,,,,已完成
2022-02-22 22:30,15,未分类,碎片时间,未分类,,,,已完成
2022-02-22 22:45,75,未分类,摸鱼,未分类,,,,已完成
2022-02-23 00:00,450,未分类,休息,未分类,,,,已完成
2022-02-23 07:30,30,未分类,摸鱼,未分类,,,,已完成
2022-02-23 08:00,15,未分类,碎片时间,未分类,,,,已完成
2022-02-23 08:15,75,未分类,业余爱好,未分类,,,,已完成
2022-02-23 09:30,30,未分类,碎片时间,未分类,,,,已完成
2022-02-23 10:00,15,未分类,打游戏,未分类,,,,已完成
2022-02-23 10:15,30,未分类,摸鱼,未分类,,,,已完成
2022-02-23 10:45,45,未分类,碎片时间,未分类,,,,已完成
2022-02-23 11:30,30,未分类,摸鱼,未分类,,,,已完成
2022-02-23 12:00,30,未分类,碎片时间,未分类,,,,已完成
2022-02-23 12:30,30,未分类,业余爱好,未分类,,,,已完成
2022-02-23 13:00,30,未分类,碎片时间,未分类,,,,已完成
2022-02-23 13:30,30,未分类,业余爱好,未分类,,,,已完成
2022-02-23 14:00,30,未分类,摸鱼,未分类,,,,已完成
2022-02-23 14:30,15,未分类,业余爱好,未分类,,,,已完成
2022-02-23 14:45,15,未分类,摸鱼,未分类,,,,已完成
2022-02-23 15:00,15,未分类,业余爱好,未分类,,,,已完成
2022-02-23 15:15,30,未分类,碎片时间,未分类,,,,已完成
2022-02-23 15:45,30,未分类,摸鱼,未分类,,,,已完成
2022-02-23 16:15,60,未分类,隐私相关1,未分类,,,,已完成
2022-02-23 17:15,15,未分类,休息,未分类,,,,已完成
2022-02-23 17:30,45,未分类,摸鱼,未分类,,,,已完成
2022-02-23 18:15,15,未分类,碎片时间,未分类,,,,已完成
2022-02-23 18:30,15,未分类,打游戏,未分类,,,,已完成
2022-02-23 18:45,15,未分类,碎片时间,未分类,,,,已完成
2022-02-23 19:00,30,未分类,摸鱼,未分类,,,,已完成
2022-02-23 19:30,15,未分类,碎片时间,未分类,,,,已完成
2022-02-23 19:45,15,未分类,摸鱼,未分类,,,,已完成
2022-02-23 20:00,15,未分类,碎片时间,未分类,,,,已完成
2022-02-23 20:15,15,未分类,学习,未分类,,,,已完成
2022-02-23 20:30,15,未分类,碎片时间,未分类,,,,已完成
2022-02-23 20:45,45,未分类,学习,未分类,,,,已完成
2022-02-23 21:30,15,未分类,摸鱼,未分类,,,,已完成
2022-02-23 21:45,15,未分类,碎片时间,未分类,,,,已完成
2022-02-23 22:00,15,未分类,摸鱼,未分类,,,,已完成
2022-02-23 22:15,15,未分类,碎片时间,未分类,,,,已完成
2022-02-23 22:30,60,未分类,学习,未分类,,,,已完成
2022-02-23 23:30,90,未分类,摸鱼,未分类,,,,已完成
2022-02-24 01:00,465,未分类,休息,未分类,,,,已完成
2022-02-24 08:45,15,未分类,摸鱼,未分类,,,,已完成
2022-02-24 09:00,30,未分类,碎片时间,未分类,,,,已完成
2022-02-24 09:30,45,未分类,摸鱼,未分类,,,,已完成
2022-02-24 10:15,45,未分类,打游戏,未分类,,,,已完成
2022-02-24 11:00,15,未分类,碎片时间,未分类,,,,已完成
2022-02-24 11:15,15,未分类,摸鱼,未分类,,,,已完成
2022-02-24 11:30,15,未分类,家务事,未分类,,,,已完成
2022-02-24 11:45,15,未分类,碎片时间,未分类,,,,已完成
2022-02-24 12:00,150,未分类,摸鱼,未分类,,,,已完成
2022-02-24 14:30,30,未分类,隐私相关1,未分类,,,,已完成
2022-02-24 15:00,45,未分类,摸鱼,未分类,,,,已完成
2022-02-24 15:45,15,未分类,学习,未分类,,,,已完成
2022-02-24 16:00,15,未分类,摸鱼,未分类,,,,已完成
2022-02-24 16:15,15,未分类,学习,未分类,,,,已完成
2022-02-24 16:30,45,未分类,摸鱼,未分类,,,,已完成
2022-02-24 17:15,45,未分类,家务事,未分类,,,,已完成
2022-02-24 18:00,60,未分类,碎片时间,未分类,,,,已完成
2022-02-24 19:00,30,未分类,摸鱼,未分类,,,,已完成
2022-02-24 19:30,15,未分类,碎片时间,未分类,,,,已完成
2022-02-24 19:45,15,未分类,家务事,未分类,,,,已完成
2022-02-24 20:00,15,未分类,摸鱼,未分类,,,,已完成
2022-02-24 20:15,30,未分类,学习,未分类,,,,已完成
2022-02-24 20:45,30,未分类,打游戏,未分类,,,,已完成
2022-02-24 21:15,15,未分类,学习,未分类,,,,已完成
2022-02-24 21:30,15,未分类,摸鱼,未分类,,,,已完成
2022-02-24 21:45,15,未分类,学习,未分类,,,,已完成
2022-02-24 22:00,90,未分类,摸鱼,未分类,,,,已完成
2022-02-24 23:30,45,未分类,碎片时间,未分类,,,,已完成
2022-02-25 00:15,60,未分类,摸鱼,未分类,,,,已完成
2022-02-25 01:15,300,未分类,休息,未分类,,,,已完成
2022-02-25 06:15,30,未分类,摸鱼,未分类,,,,已完成
2022-02-25 06:45,120,未分类,休息,未分类,,,,已完成
2022-02-25 08:45,15,未分类,碎片时间,未分类,,,,已完成
2022-02-25 09:00,30,未分类,学习,未分类,,,,已完成
2022-02-25 09:30,15,未分类,摸鱼,未分类,,,,已完成
2022-02-25 09:45,15,未分类,碎片时间,未分类,,,,已完成
2022-02-25 10:00,15,未分类,学习,未分类,,,,已完成
2022-02-25 10:15,45,未分类,摸鱼,未分类,,,,已完成
2022-02-25 11:00,15,未分类,碎片时间,未分类,,,,已完成
2022-02-25 11:15,15,未分类,摸鱼,未分类,,,,已完成
2022-02-25 11:30,15,未分类,碎片时间,未分类,,,,已完成
2022-02-25 11:45,15,未分类,家务事,未分类,,,,已完成
2022-02-25 12:00,15,未分类,碎片时间,未分类,,,,已完成
2022-02-25 12:15,15,未分类,摸鱼,未分类,,,,已完成
2022-02-25 12:30,120,未分类,打游戏,未分类,,,,已完成
2022-02-25 14:30,60,未分类,碎片时间,未分类,,,,已完成
2022-02-25 15:30,105,未分类,摸鱼,未分类,,,,已完成
2022-02-25 17:15,30,未分类,碎片时间,未分类,,,,已完成
2022-02-25 17:45,45,未分类,家务事,未分类,,,,已完成
2022-02-25 18:30,30,未分类,摸鱼,未分类,,,,已完成
2022-02-25 19:00,15,未分类,家务事,未分类,,,,已完成
2022-02-25 19:15,90,未分类,碎片时间,未分类,,,,已完成
2022-02-25 20:45,60,未分类,摸鱼,未分类,,,,已完成
2022-02-25 21:45,15,未分类,学习,未分类,,,,已完成
2022-02-25 22:00,15,未分类,碎片时间,未分类,,,,已完成
2022-02-25 22:15,30,未分类,学习,未分类,,,,已完成
2022-02-25 22:45,15,未分类,碎片时间,未分类,,,,已完成
2022-02-25 23:00,15,未分类,摸鱼,未分类,,,,已完成
2022-02-25 23:15,30,未分类,学习,未分类,,,,已完成
2022-02-25 23:45,30,未分类,摸鱼,未分类,,,,已完成
2022-02-26 00:15,15,未分类,隐私相关1,未分类,,,,已完成
2022-02-26 00:30,480,未分类,休息,未分类,,,,已完成
2022-02-26 08:30,45,未分类,摸鱼,未分类,,,,已完成
2022-02-26 09:15,120,未分类,碎片时间,未分类,,,,已完成
2022-02-26 11:15,30,未分类,摸鱼,未分类,,,,已完成
2022-02-26 11:45,15,未分类,碎片时间,未分类,,,,已完成
2022-02-26 12:00,30,未分类,摸鱼,未分类,,,,已完成
2022-02-26 12:30,90,未分类,打游戏,未分类,,,,已完成
2022-02-26 14:00,30,未分类,摸鱼,未分类,,,,已完成
2022-02-26 14:30,15,未分类,学习,未分类,,,,已完成
2022-02-26 14:45,30,未分类,碎片时间,未分类,,,,已完成
2022-02-26 15:15,30,未分类,学习,未分类,,,,已完成
2022-02-26 15:45,60,未分类,碎片时间,未分类,,,,已完成
2022-02-26 16:45,15,未分类,摸鱼,未分类,,,,已完成
2022-02-26 17:00,30,未分类,打游戏,未分类,,,,已完成
2022-02-26 17:30,45,未分类,摸鱼,未分类,,,,已完成
2022-02-26 18:15,30,未分类,家务事,未分类,,,,已完成
2022-02-26 18:45,15,未分类,摸鱼,未分类,,,,已完成
2022-02-26 19:00,30,未分类,家务事,未分类,,,,已完成
2022-02-26 19:30,45,未分类,摸鱼,未分类,,,,已完成
2022-02-26 20:15,45,未分类,打游戏,未分类,,,,已完成
2022-02-26 21:00,15,未分类,碎片时间,未分类,,,,已完成
2022-02-26 21:15,15,未分类,打游戏,未分类,,,,已完成
2022-02-26 21:30,15,未分类,碎片时间,未分类,,,,已完成
2022-02-26 21:45,60,未分类,打游戏,未分类,,,,已完成
2022-02-26 22:45,45,未分类,摸鱼,未分类,,,,已完成
2022-02-26 23:30,30,未分类,学习,未分类,,,,已完成
2022-02-27 00:00,30,未分类,隐私相关1,未分类,,,,已完成
2022-02-27 00:30,450,未分类,休息,未分类,,,,已完成
2022-02-27 08:00,15,未分类,碎片时间,未分类,,,,已完成
2022-02-27 08:15,15,未分类,学习,未分类,,,,已完成
2022-02-27 08:30,30,未分类,摸鱼,未分类,,,,已完成
2022-02-27 09:00,15,未分类,学习,未分类,,,,已完成
2022-02-27 09:15,15,未分类,摸鱼,未分类,,,,已完成
2022-02-27 09:30,30,未分类,学习,未分类,,,,已完成
2022-02-27 10:00,15,未分类,打游戏,未分类,,,,已完成
2022-02-27 10:15,15,未分类,摸鱼,未分类,,,,已完成
2022-02-27 10:30,15,未分类,学习,未分类,,,,已完成
2022-02-27 10:45,15,未分类,摸鱼,未分类,,,,已完成
2022-02-27 11:00,30,未分类,家务事,未分类,,,,已完成
2022-02-27 11:30,15,未分类,摸鱼,未分类,,,,已完成
2022-02-27 11:45,30,未分类,碎片时间,未分类,,,,已完成
2022-02-27 12:15,15,未分类,摸鱼,未分类,,,,已完成
2022-02-27 12:30,15,未分类,碎片时间,未分类,,,,已完成
2022-02-27 12:45,90,未分类,业余爱好,未分类,,,,已完成
2022-02-27 14:15,60,未分类,摸鱼,未分类,,,,已完成
2022-02-27 15:15,30,未分类,碎片时间,未分类,,,,已完成
2022-02-27 15:45,15,未分类,摸鱼,未分类,,,,已完成
2022-02-27 16:00,15,未分类,碎片时间,未分类,,,,已完成
2022-02-27 16:15,15,未分类,摸鱼,未分类,,,,已完成
2022-02-27 16:30,30,未分类,学习,未分类,,,,已完成
2022-02-27 17:00,15,未分类,碎片时间,未分类,,,,已完成
2022-02-27 17:15,45,未分类,摸鱼,未分类,,,,已完成
2022-02-27 18:00,15,未分类,碎片时间,未分类,,,,已完成
2022-02-27 18:15,15,未分类,家务事,未分类,,,,已完成
2022-02-27 18:30,60,未分类,碎片时间,未分类,,,,已完成
2022-02-27 19:30,15,未分类,家务事,未分类,,,,已完成
2022-02-27 19:45,90,未分类,碎片时间,未分类,,,,已完成
2022-02-27 21:15,30,未分类,摸鱼,未分类,,,,已完成
2022-02-27 21:45,15,未分类,碎片时间,未分类,,,,已完成
2022-02-27 22:00,15,未分类,打游戏,未分类,,,,已完成
2022-02-27 22:15,120,未分类,碎片时间,未分类,,,,已完成
2022-02-28 00:15,30,未分类,摸鱼,未分类,,,,已完成
2022-02-28 00:45,435,未分类,休息,未分类,,,,已完成
2022-02-28 08:00,15,未分类,碎片时间,未分类,,,,已完成
2022-02-28 08:15,15,未分类,摸鱼,未分类,,,,已完成
2022-02-28 08:30,15,未分类,学习,未分类,,,,已完成
2022-02-28 08:45,30,未分类,摸鱼,未分类,,,,已完成
2022-02-28 09:15,60,未分类,隐私相关1,未分类,,,,已完成
2022-02-28 10:15,15,未分类,学习,未分类,,,,已完成
2022-02-28 10:30,15,未分类,摸鱼,未分类,,,,已完成
2022-02-28 10:45,45,未分类,隐私相关1,未分类,,,,已完成
2022-02-28 11:30,15,未分类,摸鱼,未分类,,,,已完成
2022-02-28 11:45,15,未分类,家务事,未分类,,,,已完成
2022-02-28 12:00,15,未分类,碎片时间,未分类,,,,已完成
2022-02-28 12:15,15,未分类,摸鱼,未分类,,,,已完成
2022-02-28 12:30,45,未分类,隐私相关1,未分类,,,,已完成
2022-02-28 13:15,15,未分类,摸鱼,未分类,,,,已完成
2022-02-28 13:30,30,未分类,碎片时间,未分类,,,,已完成
2022-02-28 14:00,75,未分类,业余爱好,未分类,,,,已完成
2022-02-28 15:15,15,未分类,碎片时间,未分类,,,,已完成
2022-02-28 15:30,15,未分类,摸鱼,未分类,,,,已完成
2022-02-28 15:45,60,未分类,学习,未分类,,,,已完成
2022-02-28 16:45,15,未分类,摸鱼,未分类,,,,已完成
2022-02-28 17:00,15,未分类,隐私相关1,未分类,,,,已完成
2022-02-28 17:15,15,未分类,摸鱼,未分类,,,,已完成
2022-02-28 17:30,15,未分类,打游戏,未分类,,,,已完成
2022-02-28 17:45,15,未分类,隐私相关1,未分类,,,,已完成
2022-02-28 18:00,30,未分类,碎片时间,未分类,,,,已完成
2022-02-28 18:30,45,未分类,摸鱼,未分类,,,,已完成
2022-02-28 19:15,15,未分类,家务事,未分类,,,,已完成
2022-02-28 19:30,15,未分类,碎片时间,未分类,,,,已完成
2022-02-28 19:45,15,未分类,摸鱼,未分类,,,,已完成
2022-02-28 20:00,60,未分类,打游戏,未分类,,,,已完成
2022-02-28 21:00,15,未分类,碎片时间,未分类,,,,已完成
2022-02-28 21:15,75,未分类,摸鱼,未分类,,,,已完成
2022-02-28 22:30,75,未分类,代码,未分类,,,,已完成
2022-02-28 23:45,30,未分类,碎片时间,未分类,,,,已完成
2022-03-01 00:15,45,未分类,摸鱼,未分类,,,,已完成
2022-03-01 01:00,420,未分类,休息,未分类,,,,已完成
2022-03-01 08:00,15,未分类,碎片时间,未分类,,,,已完成
2022-03-01 08:15,30,未分类,代码,未分类,,,,已完成
2022-03-01 08:45,15,未分类,摸鱼,未分类,,,,已完成
2022-03-01 09:00,15,未分类,碎片时间,未分类,,,,已完成
2022-03-01 09:15,75,未分类,摸鱼,未分类,,,,已完成
2022-03-01 10:30,15,未分类,学习,未分类,,,,已完成
2022-03-01 10:45,15,未分类,摸鱼,未分类,,,,已完成
2022-03-01 11:00,60,未分类,家务事,未分类,,,,已完成
2022-03-01 12:00,30,未分类,摸鱼,未分类,,,,已完成
2022-03-01 12:30,30,未分类,打游戏,未分类,,,,已完成
2022-03-01 13:00,15,未分类,摸鱼,未分类,,,,已完成
2022-03-01 13:15,15,未分类,碎片时间,未分类,,,,已完成
2022-03-01 13:30,45,未分类,摸鱼,未分类,,,,已完成
2022-03-01 14:15,30,未分类,学习,未分类,,,,已完成
2022-03-01 14:45,15,未分类,代码,未分类,,,,已完成
2022-03-01 15:00,30,未分类,碎片时间,未分类,,,,已完成
2022-03-01 15:30,60,未分类,摸鱼,未分类,,,,已完成
2022-03-01 16:30,75,未分类,打游戏,未分类,,,,已完成
2022-03-01 17:45,30,未分类,家务事,未分类,,,,已完成
2022-03-01 18:15,15,未分类,摸鱼,未分类,,,,已完成
2022-03-01 18:30,30,未分类,碎片时间,未分类,,,,已完成
2022-03-01 19:00,15,未分类,家务事,未分类,,,,已完成
2022-03-01 19:15,30,未分类,碎片时间,未分类,,,,已完成
2022-03-01 19:45,15,未分类,摸鱼,未分类,,,,已完成
2022-03-01 20:00,30,未分类,打游戏,未分类,,,,已完成
2022-03-01 20:30,15,未分类,摸鱼,未分类,,,,已完成
2022-03-01 20:45,30,未分类,隐私相关1,未分类,,,,已完成
2022-03-01 21:15,15,未分类,摸鱼,未分类,,,,已完成
2022-03-01 21:30,15,未分类,隐私相关1,未分类,,,,已完成
2022-03-01 21:45,15,未分类,摸鱼,未分类,,,,已完成
2022-03-01 22:00,15,未分类,碎片时间,未分类,,,,已完成
2022-03-01 22:15,15,未分类,隐私相关1,未分类,,,,已完成
2022-03-01 22:30,15,未分类,碎片时间,未分类,,,,已完成
2022-03-01 22:45,15,未分类,构思,未分类,,,,已完成
2022-03-01 23:00,15,未分类,碎片时间,未分类,,,,已完成
2022-03-01 23:15,15,未分类,构思,未分类,,,,已完成
2022-03-01 23:30,15,未分类,碎片时间,未分类,,,,已完成
2022-03-01 23:45,15,未分类,摸鱼,未分类,,,,已完成
2022-03-02 00:00,15,未分类,碎片时间,未分类,,,,已完成
2022-03-02 00:15,15,未分类,摸鱼,未分类,,,,已完成
2022-03-02 00:30,15,未分类,隐私相关1,未分类,,,,已完成
2022-03-02 00:45,495,未分类,休息,未分类,,,,已完成
2022-03-02 09:00,90,未分类,摸鱼,未分类,,,,已完成
2022-03-02 10:30,15,未分类,隐私相关1,未分类,,,,已完成
2022-03-02 10:45,30,未分类,家务事,未分类,,,,已完成
2022-03-02 11:15,15,未分类,摸鱼,未分类,,,,已完成
2022-03-02 11:30,90,未分类,打游戏,未分类,,,,已完成
2022-03-02 13:00,30,未分类,摸鱼,未分类,,,,已完成
2022-03-02 13:30,15,未分类,构思,未分类,,,,已完成
2022-03-02 13:45,30,未分类,碎片时间,未分类,,,,已完成
2022-03-02 14:15,45,未分类,隐私相关1,未分类,,,,已完成
2022-03-02 15:00,45,未分类,碎片时间,未分类,,,,已完成
2022-03-02 15:45,105,未分类,打游戏,未分类,,,,已完成
2022-03-02 17:30,30,未分类,家务事,未分类,,,,已完成
2022-03-02 18:00,30,未分类,摸鱼,未分类,,,,已完成
2022-03-02 18:30,45,未分类,碎片时间,未分类,,,,已完成
2022-03-02 19:15,30,未分类,家务事,未分类,,,,已完成
2022-03-02 19:45,15,未分类,碎片时间,未分类,,,,已完成
2022-03-02 20:00,75,未分类,摸鱼,未分类,,,,已完成
2022-03-02 21:15,15,未分类,代码,未分类,,,,已完成
2022-03-02 21:30,15,未分类,摸鱼,未分类,,,,已完成
2022-03-02 21:45,75,未分类,代码,未分类,,,,已完成
2022-03-02 23:00,90,未分类,打游戏,未分类,,,,已完成
2022-03-03 00:30,15,未分类,摸鱼,未分类,,,,已完成
2022-03-03 00:45,405,未分类,休息,未分类,,,,已完成
2022-03-03 07:30,105,未分类,摸鱼,未分类,,,,已完成
2022-03-03 09:15,15,未分类,隐私相关1,未分类,,,,已完成
2022-03-03 09:30,30,未分类,摸鱼,未分类,,,,已完成
2022-03-03 10:00,15,未分类,碎片时间,未分类,,,,已完成
2022-03-03 10:15,45,未分类,代码,未分类,,,,已完成
2022-03-03 11:00,15,未分类,碎片时间,未分类,,,,已完成
2022-03-03 11:15,15,未分类,打游戏,未分类,,,,已完成
2022-03-03 11:30,15,未分类,家务事,未分类,,,,已完成
2022-03-03 11:45,15,未分类,摸鱼,未分类,,,,已完成
2022-03-03 12:00,45,未分类,碎片时间,未分类,,,,已完成
2022-03-03 12:45,105,未分类,打游戏,未分类,,,,已完成
2022-03-03 14:30,15,未分类,摸鱼,未分类,,,,已完成
2022-03-03 14:45,15,未分类,碎片时间,未分类,,,,已完成
2022-03-03 15:00,105,未分类,代码,未分类,,,,已完成
2022-03-03 16:45,45,未分类,摸鱼,未分类,,,,已完成
2022-03-03 17:30,15,未分类,代码,未分类,,,,已完成
2022-03-03 17:45,30,未分类,碎片时间,未分类,,,,已完成
2022-03-03 18:15,45,未分类,家务事,未分类,,,,已完成
2022-03-03 19:00,30,未分类,摸鱼,未分类,,,,已完成
2022-03-03 19:30,15,未分类,家务事,未分类,,,,已完成
2022-03-03 19:45,30,未分类,摸鱼,未分类,,,,已完成
2022-03-03 20:15,15,未分类,碎片时间,未分类,,,,已完成
2022-03-03 20:30,30,未分类,代码,未分类,,,,已完成
2022-03-03 21:00,30,未分类,碎片时间,未分类,,,,已完成
2022-03-03 21:30,30,未分类,摸鱼,未分类,,,,已完成
2022-03-03 22:00,30,未分类,碎片时间,未分类,,,,已完成
2022-03-03 22:30,30,未分类,摸鱼,未分类,,,,已完成
2022-03-03 23:00,15,未分类,碎片时间,未分类,,,,已完成
2022-03-03 23:15,30,未分类,摸鱼,未分类,,,,已完成
2022-03-03 23:45,465,未分类,休息,未分类,,,,已完成
2022-03-04 07:30,15,未分类,摸鱼,未分类,,,,已完成
2022-03-04 07:45,180,未分类,碎片时间,未分类,,,,已完成
2022-03-04 10:45,60,未分类,摸鱼,未分类,,,,已完成
2022-03-04 11:45,30,未分类,家务事,未分类,,,,已完成
2022-03-04 12:15,75,未分类,摸鱼,未分类,,,,已完成
2022-03-04 13:30,30,未分类,休息,未分类,,,,已完成
2022-03-04 14:00,15,未分类,摸鱼,未分类,,,,已完成
2022-03-04 14:15,60,未分类,碎片时间,未分类,,,,已完成
2022-03-04 15:15,15,未分类,摸鱼,未分类,,,,已完成
2022-03-04 15:30,45,未分类,业余爱好,未分类,,,,已完成
2022-03-04 16:15,15,未分类,摸鱼,未分类,,,,已完成
2022-03-04 16:30,15,未分类,打游戏,未分类,,,,已完成
2022-03-04 16:45,15,未分类,摸鱼,未分类,,,,已完成
2022-03-04 17:00,45,未分类,碎片时间,未分类,,,,已完成
2022-03-04 17:45,30,未分类,家务事,未分类,,,,已完成
2022-03-04 18:15,60,未分类,碎片时间,未分类,,,,已完成
2022-03-04 19:15,30,未分类,摸鱼,未分类,,,,已完成
2022-03-04 19:45,30,未分类,打游戏,未分类,,,,已完成
2022-03-04 20:15,75,未分类,摸鱼,未分类,,,,已完成
2022-03-04 21:30,15,未分类,碎片时间,未分类,,,,已完成
2022-03-04 21:45,45,未分类,摸鱼,未分类,,,,已完成
2022-03-04 22:30,45,未分类,碎片时间,未分类,,,,已完成
2022-03-04 23:15,30,未分类,业余爱好,未分类,,,,已完成
2022-03-04 23:45,45,未分类,打游戏,未分类,,,,已完成
2022-03-05 00:30,60,未分类,摸鱼,未分类,,,,已完成
2022-03-05 01:30,495,未分类,休息,未分类,,,,已完成
2022-03-05 09:45,45,未分类,摸鱼,未分类,,,,已完成
2022-03-05 10:30,30,未分类,碎片时间,未分类,,,,已完成
2022-03-05 11:00,30,未分类,打游戏,未分类,,,,已完成
2022-03-05 11:30,15,未分类,摸鱼,未分类,,,,已完成
2022-03-05 11:45,15,未分类,碎片时间,未分类,,,,已完成
2022-03-05 12:00,30,未分类,家务事,未分类,,,,已完成
2022-03-05 12:30,15,未分类,碎片时间,未分类,,,,已完成
2022-03-05 12:45,30,未分类,业余爱好,未分类,,,,已完成
2022-03-05 13:15,45,未分类,打游戏,未分类,,,,已完成
2022-03-05 14:00,15,未分类,摸鱼,未分类,,,,已完成
2022-03-05 14:15,15,未分类,碎片时间,未分类,,,,已完成
2022-03-05 14:30,15,未分类,摸鱼,未分类,,,,已完成
2022-03-05 14:45,15,未分类,碎片时间,未分类,,,,已完成
2022-03-05 15:00,30,未分类,学习,未分类,,,,已完成
2022-03-05 15:30,15,未分类,摸鱼,未分类,,,,已完成
2022-03-05 15:45,45,未分类,碎片时间,未分类,,,,已完成
2022-03-05 16:30,15,未分类,摸鱼,未分类,,,,已完成
2022-03-05 16:45,15,未分类,打游戏,未分类,,,,已完成
2022-03-05 17:00,60,未分类,碎片时间,未分类,,,,已完成
2022-03-05 18:00,15,未分类,打游戏,未分类,,,,已完成
2022-03-05 18:15,45,未分类,家务事,未分类,,,,已完成
2022-03-05 19:00,30,未分类,摸鱼,未分类,,,,已完成
2022-03-05 19:30,60,未分类,家务事,未分类,,,,已完成
2022-03-05 20:30,60,未分类,打游戏,未分类,,,,已完成
2022-03-05 21:30,60,未分类,摸鱼,未分类,,,,已完成
2022-03-05 22:30,30,未分类,碎片时间,未分类,,,,已完成
2022-03-05 23:00,75,未分类,摸鱼,未分类,,,,已完成
2022-03-06 00:15,465,未分类,休息,未分类,,,,已完成
2022-03-06 08:00,15,未分类,碎片时间,未分类,,,,已完成
2022-03-06 08:15,30,未分类,学习,未分类,,,,已完成
2022-03-06 08:45,15,未分类,摸鱼,未分类,,,,已完成
2022-03-06 09:00,30,未分类,打游戏,未分类,,,,已完成
2022-03-06 09:30,15,未分类,摸鱼,未分类,,,,已完成
2022-03-06 09:45,15,未分类,代码,未分类,,,,已完成
2022-03-06 10:00,15,未分类,摸鱼,未分类,,,,已完成
2022-03-06 10:15,30,未分类,代码,未分类,,,,已完成
2022-03-06 10:45,30,未分类,摸鱼,未分类,,,,已完成
2022-03-06 11:15,30,未分类,家务事,未分类,,,,已完成
2022-03-06 11:45,15,未分类,碎片时间,未分类,,,,已完成
2022-03-06 12:00,30,未分类,摸鱼,未分类,,,,已完成
2022-03-06 12:30,15,未分类,代码,未分类,,,,已完成
2022-03-06 12:45,15,未分类,碎片时间,未分类,,,,已完成
2022-03-06 13:00,45,未分类,代码,未分类,,,,已完成
2022-03-06 13:45,15,未分类,碎片时间,未分类,,,,已完成
2022-03-06 14:00,30,未分类,隐私相关1,未分类,,,,已完成
2022-03-06 14:30,15,未分类,碎片时间,未分类,,,,已完成
2022-03-06 14:45,30,未分类,摸鱼,未分类,,,,已完成
2022-03-06 15:15,60,未分类,隐私相关1,未分类,,,,已完成
2022-03-06 16:15,15,未分类,摸鱼,未分类,,,,已完成
2022-03-06 16:30,15,未分类,隐私相关1,未分类,,,,已完成
2022-03-06 16:45,15,未分类,摸鱼,未分类,,,,已完成
2022-03-06 17:00,45,未分类,碎片时间,未分类,,,,已完成
2022-03-06 17:45,60,未分类,家务事,未分类,,,,已完成
2022-03-06 18:45,90,未分类,碎片时间,未分类,,,,已完成
2022-03-06 20:15,15,未分类,摸鱼,未分类,,,,已完成
2022-03-06 20:30,60,未分类,打游戏,未分类,,,,已完成
2022-03-06 21:30,30,未分类,碎片时间,未分类,,,,已完成
2022-03-06 22:00,30,未分类,隐私相关1,未分类,,,,已完成
2022-03-06 22:30,15,未分类,代码,未分类,,,,已完成
2022-03-06 22:45,105,未分类,摸鱼,未分类,,,,已完成
2022-03-07 00:30,465,未分类,休息,未分类,,,,已完成
2022-03-07 08:15,60,未分类,摸鱼,未分类,,,,已完成
2022-03-07 09:15,30,未分类,打游戏,未分类,,,,已完成
2022-03-07 09:45,15,未分类,碎片时间,未分类,,,,已完成
2022-03-07 10:00,45,未分类,代码,未分类,,,,已完成
2022-03-07 10:45,75,未分类,摸鱼,未分类,,,,已完成
2022-03-07 12:00,30,未分类,家务事,未分类,,,,已完成
2022-03-07 12:30,15,未分类,碎片时间,未分类,,,,已完成
2022-03-07 12:45,30,未分类,隐私相关1,未分类,,,,已完成
2022-03-07 13:15,30,未分类,打游戏,未分类,,,,已完成
2022-03-07 13:45,15,未分类,摸鱼,未分类,,,,已完成
2022-03-07 14:00,15,未分类,碎片时间,未分类,,,,已完成
2022-03-07 14:15,45,未分类,业余爱好,未分类,,,,已完成
2022-03-07 15:00,15,未分类,碎片时间,未分类,,,,已完成
2022-03-07 15:15,45,未分类,打游戏,未分类,,,,已完成
2022-03-07 16:00,135,未分类,摸鱼,未分类,,,,已完成
2022-03-07 18:15,30,未分类,家务事,未分类,,,,已完成
2022-03-07 18:45,15,未分类,摸鱼,未分类,,,,已完成
2022-03-07 19:00,30,未分类,家务事,未分类,,,,已完成
2022-03-07 19:30,75,未分类,碎片时间,未分类,,,,已完成
2022-03-07 20:45,30,未分类,摸鱼,未分类,,,,已完成
2022-03-07 21:15,15,未分类,碎片时间,未分类,,,,已完成
2022-03-07 21:30,60,未分类,摸鱼,未分类,,,,已完成
2022-03-07 22:30,15,未分类,打游戏,未分类,,,,已完成
2022-03-07 22:45,30,未分类,碎片时间,未分类,,,,已完成
2022-03-07 23:15,75,未分类,摸鱼,未分类,,,,已完成
2022-03-08 00:30,450,未分类,休息,未分类,,,,已完成
2022-03-08 08:00,60,未分类,摸鱼,未分类,,,,已完成
2022-03-08 09:00,30,未分类,碎片时间,未分类,,,,已完成
2022-03-08 09:30,30,未分类,摸鱼,未分类,,,,已完成
2022-03-08 10:00,105,未分类,碎片时间,未分类,,,,已完成
2022-03-08 11:45,45,未分类,家务事,未分类,,,,已完成
2022-03-08 12:30,30,未分类,摸鱼,未分类,,,,已完成
2022-03-08 13:00,45,未分类,打游戏,未分类,,,,已完成
2022-03-08 13:45,75,未分类,碎片时间,未分类,,,,已完成
2022-03-08 15:00,15,未分类,隐私相关1,未分类,,,,已完成
2022-03-08 15:15,15,未分类,打游戏,未分类,,,,已完成
2022-03-08 15:30,15,未分类,锻炼,未分类,,,,已完成
2022-03-08 15:45,15,未分类,碎片时间,未分类,,,,已完成
2022-03-08 16:00,45,未分类,打游戏,未分类,,,,已完成
2022-03-08 16:45,45,未分类,碎片时间,未分类,,,,已完成
2022-03-08 17:30,15,未分类,摸鱼,未分类,,,,已完成
2022-03-08 17:45,30,未分类,家务事,未分类,,,,已完成
2022-03-08 18:15,60,未分类,碎片时间,未分类,,,,已完成
2022-03-08 19:15,30,未分类,打游戏,未分类,,,,已完成
2022-03-08 19:45,30,未分类,碎片时间,未分类,,,,已完成
2022-03-08 20:15,30,未分类,摸鱼,未分类,,,,已完成
2022-03-08 20:45,30,未分类,碎片时间,未分类,,,,已完成
2022-03-08 21:15,15,未分类,摸鱼,未分类,,,,已完成
2022-03-08 21:30,75,未分类,碎片时间,未分类,,,,已完成
2022-03-08 22:45,15,未分类,摸鱼,未分类,,,,已完成
2022-03-08 23:00,30,未分类,碎片时间,未分类,,,,已完成
2022-03-08 23:30,15,未分类,摸鱼,未分类,,,,已完成
2022-03-08 23:45,360,未分类,休息,未分类,,,,已完成
2022-03-09 05:45,75,未分类,摸鱼,未分类,,,,已完成
2022-03-09 07:00,15,未分类,休息,未分类,,,,已完成
2022-03-09 07:15,15,未分类,碎片时间,未分类,,,,已完成
2022-03-09 07:30,60,未分类,休息,未分类,,,,已完成
2022-03-09 08:30,60,未分类,摸鱼,未分类,,,,已完成
2022-03-09 09:30,15,未分类,碎片时间,未分类,,,,已完成
2022-03-09 09:45,30,未分类,开会,未分类,,,,已完成
2022-03-09 10:15,60,未分类,碎片时间,未分类,,,,已完成
2022-03-09 11:15,30,未分类,家务事,未分类,,,,已完成
2022-03-09 11:45,15,未分类,碎片时间,未分类,,,,已完成
2022-03-09 12:00,15,未分类,摸鱼,未分类,,,,已完成
2022-03-09 12:15,15,未分类,打游戏,未分类,,,,已完成
2022-03-09 12:30,30,未分类,摸鱼,未分类,,,,已完成
2022-03-09 13:00,15,未分类,碎片时间,未分类,,,,已完成
2022-03-09 13:15,15,未分类,摸鱼,未分类,,,,已完成
2022-03-09 13:30,15,未分类,开会,未分类,,,,已完成
2022-03-09 13:45,30,未分类,摸鱼,未分类,,,,已完成
2022-03-09 14:15,45,未分类,碎片时间,未分类,,,,已完成
2022-03-09 15:00,30,未分类,打游戏,未分类,,,,已完成
2022-03-09 15:30,15,未分类,碎片时间,未分类,,,,已完成
2022-03-09 15:45,15,未分类,打游戏,未分类,,,,已完成
2022-03-09 16:00,15,未分类,碎片时间,未分类,,,,已完成
2022-03-09 16:15,15,未分类,打游戏,未分类,,,,已完成
2022-03-09 16:30,90,未分类,碎片时间,未分类,,,,已完成
2022-03-09 18:00,15,未分类,锻炼,未分类,,,,已完成
2022-03-09 18:15,15,未分类,碎片时间,未分类,,,,已完成
2022-03-09 18:30,15,未分类,家务事,未分类,,,,已完成
2022-03-09 18:45,15,未分类,摸鱼,未分类,,,,已完成
2022-03-09 19:00,15,未分类,家务事,未分类,,,,已完成
2022-03-09 19:15,30,未分类,碎片时间,未分类,,,,已完成
2022-03-09 19:45,15,未分类,摸鱼,未分类,,,,已完成
2022-03-09 20:00,90,未分类,打游戏,未分类,,,,已完成
2022-03-09 21:30,30,未分类,摸鱼,未分类,,,,已完成
2022-03-09 22:00,30,未分类,碎片时间,未分类,,,,已完成
2022-03-09 22:30,15,未分类,摸鱼,未分类,,,,已完成
2022-03-09 22:45,15,未分类,碎片时间,未分类,,,,已完成
2022-03-09 23:00,30,未分类,摸鱼,未分类,,,,已完成
2022-03-09 23:30,30,未分类,隐私相关1,未分类,,,,已完成
2022-03-10 00:00,30,未分类,摸鱼,未分类,,,,已完成
2022-03-10 00:30,15,未分类,隐私相关1,未分类,,,,已完成
2022-03-10 00:45,390,未分类,休息,未分类,,,,已完成
2022-03-10 07:15,30,未分类,摸鱼,未分类,,,,已完成
2022-03-10 07:45,105,未分类,休息,未分类,,,,已完成
2022-03-10 09:30,30,未分类,摸鱼,未分类,,,,已完成
2022-03-10 10:00,30,未分类,隐私相关1,未分类,,,,已完成
2022-03-10 10:30,15,未分类,摸鱼,未分类,,,,已完成
2022-03-10 10:45,45,未分类,打游戏,未分类,,,,已完成
2022-03-10 11:30,45,未分类,碎片时间,未分类,,,,已完成
2022-03-10 12:15,15,未分类,家务事,未分类,,,,已完成
2022-03-10 12:30,45,未分类,打游戏,未分类,,,,已完成
2022-03-10 13:15,15,未分类,碎片时间,未分类,,,,已完成
2022-03-10 13:30,15,未分类,打游戏,未分类,,,,已完成
2022-03-10 13:45,15,未分类,碎片时间,未分类,,,,已完成
2022-03-10 14:00,15,未分类,业余爱好,未分类,,,,已完成
2022-03-10 14:15,30,未分类,摸鱼,未分类,,,,已完成
2022-03-10 14:45,15,未分类,代码,未分类,,,,已完成
2022-03-10 15:00,15,未分类,摸鱼,未分类,,,,已完成
2022-03-10 15:15,30,未分类,代码,未分类,,,,已完成
2022-03-10 15:45,15,未分类,摸鱼,未分类,,,,已完成
2022-03-10 16:00,15,未分类,代码,未分类,,,,已完成
2022-03-10 16:15,15,未分类,碎片时间,未分类,,,,已完成
2022-03-10 16:30,15,未分类,摸鱼,未分类,,,,已完成
2022-03-10 16:45,30,未分类,代码,未分类,,,,已完成
2022-03-10 17:15,15,未分类,摸鱼,未分类,,,,已完成
2022-03-10 17:30,30,未分类,碎片时间,未分类,,,,已完成
2022-03-10 18:00,15,未分类,摸鱼,未分类,,,,已完成
2022-03-10 18:15,30,未分类,碎片时间,未分类,,,,已完成
2022-03-10 18:45,30,未分类,家务事,未分类,,,,已完成
2022-03-10 19:15,30,未分类,碎片时间,未分类,,,,已完成
2022-03-10 19:45,45,未分类,代码,未分类,,,,已完成
2022-03-10 20:30,15,未分类,摸鱼,未分类,,,,已完成
2022-03-10 20:45,15,未分类,代码,未分类,,,,已完成
2022-03-10 21:00,30,未分类,摸鱼,未分类,,,,已完成
2022-03-10 21:30,30,未分类,碎片时间,未分类,,,,已完成
2022-03-10 22:00,30,未分类,摸鱼,未分类,,,,已完成
2022-03-10 22:30,15,未分类,代码,未分类,,,,已完成
2022-03-10 22:45,30,未分类,摸鱼,未分类,,,,已完成
2022-03-10 23:15,15,未分类,碎片时间,未分类,,,,已完成
2022-03-10 23:30,45,未分类,摸鱼,未分类,,,,已完成
2022-03-11 00:15,435,未分类,休息,未分类,,,,已完成
2022-03-11 07:30,15,未分类,摸鱼,未分类,,,,已完成
2022-03-11 07:45,45,未分类,碎片时间,未分类,,,,已完成
2022-03-11 08:30,15,未分类,摸鱼,未分类,,,,已完成
2022-03-11 08:45,15,未分类,打游戏,未分类,,,,已完成
2022-03-11 09:00,240,未分类,碎片时间,未分类,,,,已完成
2022-03-11 13:00,30,未分类,摸鱼,未分类,,,,已完成
2022-03-11 13:30,30,未分类,休息,未分类,,,,已完成
2022-03-11 14:00,30,未分类,摸鱼,未分类,,,,已完成
2022-03-11 14:30,75,未分类,碎片时间,未分类,,,,已完成
2022-03-11 15:45,225,未分类,家务事,未分类,,,,已完成
2022-03-11 19:30,30,未分类,摸鱼,未分类,,,,已完成
2022-03-11 20:00,45,未分类,家务事,未分类,,,,已完成
2022-03-11 20:45,105,未分类,摸鱼,未分类,,,,已完成
2022-03-11 22:30,45,未分类,打游戏,未分类,,,,已完成
2022-03-11 23:15,105,未分类,摸鱼,未分类,,,,已完成
2022-03-12 01:00,495,未分类,休息,未分类,,,,已完成
2022-03-12 09:15,15,未分类,摸鱼,未分类,,,,已完成
2022-03-12 09:30,135,未分类,碎片时间,未分类,,,,已完成
2022-03-12 11:45,30,未分类,家务事,未分类,,,,已完成
2022-03-12 12:15,15,未分类,碎片时间,未分类,,,,已完成
2022-03-12 12:30,15,未分类,摸鱼,未分类,,,,已完成
2022-03-12 12:45,60,未分类,打游戏,未分类,,,,已完成
2022-03-12 13:45,45,未分类,摸鱼,未分类,,,,已完成
2022-03-12 14:30,15,未分类,碎片时间,未分类,,,,已完成
2022-03-12 14:45,60,未分类,摸鱼,未分类,,,,已完成
2022-03-12 15:45,105,未分类,碎片时间,未分类,,,,已完成
2022-03-12 17:30,30,未分类,家务事,未分类,,,,已完成
2022-03-12 18:00,60,未分类,碎片时间,未分类,,,,已完成
2022-03-12 19:00,90,未分类,摸鱼,未分类,,,,已完成
2022-03-12 20:30,15,未分类,代码,未分类,,,,已完成
2022-03-12 20:45,15,未分类,摸鱼,未分类,,,,已完成
2022-03-12 21:00,15,未分类,代码,未分类,,,,已完成
2022-03-12 21:15,15,未分类,摸鱼,未分类,,,,已完成
2022-03-12 21:30,15,未分类,代码,未分类,,,,已完成
2022-03-12 21:45,15,未分类,摸鱼,未分类,,,,已完成
2022-03-12 22:00,30,未分类,碎片时间,未分类,,,,已完成
2022-03-12 22:30,15,未分类,摸鱼,未分类,,,,已完成
2022-03-12 22:45,15,未分类,代码,未分类,,,,已完成
2022-03-12 23:00,60,未分类,摸鱼,未分类,,,,已完成
2022-03-13 00:00,195,未分类,休息,未分类,,,,已完成
2022-03-13 03:15,15,未分类,摸鱼,未分类,,,,已完成
2022-03-13 03:30,270,未分类,休息,未分类,,,,已完成
2022-03-13 08:00,60,未分类,摸鱼,未分类,,,,已完成
2022-03-13 09:00,15,未分类,隐私相关1,未分类,,,,已完成
2022-03-13 09:15,30,未分类,碎片时间,未分类,,,,已完成
2022-03-13 09:45,15,未分类,摸鱼,未分类,,,,已完成
2022-03-13 10:00,45,未分类,代码,未分类,,,,已完成
2022-03-13 10:45,45,未分类,家务事,未分类,,,,已完成
2022-03-13 11:30,15,未分类,摸鱼,未分类,,,,已完成
2022-03-13 11:45,45,未分类,碎片时间,未分类,,,,已完成
2022-03-13 12:30,45,未分类,打游戏,未分类,,,,已完成
2022-03-13 13:15,15,未分类,摸鱼,未分类,,,,已完成
2022-03-13 13:30,15,未分类,学习,未分类,,,,已完成
2022-03-13 13:45,15,未分类,碎片时间,未分类,,,,已完成
2022-03-13 14:00,30,未分类,摸鱼,未分类,,,,已完成
2022-03-13 14:30,120,未分类,打游戏,未分类,,,,已完成
2022-03-13 16:30,30,未分类,摸鱼,未分类,,,,已完成
2022-03-13 17:00,15,未分类,碎片时间,未分类,,,,已完成
2022-03-13 17:15,45,未分类,家务事,未分类,,,,已完成
2022-03-13 18:00,45,未分类,碎片时间,未分类,,,,已完成
2022-03-13 18:45,15,未分类,摸鱼,未分类,,,,已完成
2022-03-13 19:00,225,未分类,碎片时间,未分类,,,,已完成
2022-03-13 22:45,105,未分类,摸鱼,未分类,,,,已完成
2022-03-14 00:30,15,未分类,隐私相关1,未分类,,,,已完成
2022-03-14 00:45,405,未分类,休息,未分类,,,,已完成
2022-03-14 07:30,45,未分类,摸鱼,未分类,,,,已完成
2022-03-14 08:15,30,未分类,休息,未分类,,,,已完成
2022-03-14 08:45,30,未分类,摸鱼,未分类,,,,已完成
2022-03-14 09:15,15,未分类,碎片时间,未分类,,,,已完成
2022-03-14 09:30,15,未分类,构思,未分类,,,,已完成
2022-03-14 09:45,15,未分类,碎片时间,未分类,,,,已完成
2022-03-14 10:00,15,未分类,打游戏,未分类,,,,已完成
2022-03-14 10:15,15,未分类,碎片时间,未分类,,,,已完成
2022-03-14 10:30,15,未分类,打游戏,未分类,,,,已完成
2022-03-14 10:45,15,未分类,碎片时间,未分类,,,,已完成
2022-03-14 11:00,15,未分类,摸鱼,未分类,,,,已完成
2022-03-14 11:15,30,未分类,家务事,未分类,,,,已完成
2022-03-14 11:45,30,未分类,摸鱼,未分类,,,,已完成
2022-03-14 12:15,30,未分类,碎片时间,未分类,,,,已完成
2022-03-14 12:45,30,未分类,摸鱼,未分类,,,,已完成
2022-03-14 13:15,15,未分类,碎片时间,未分类,,,,已完成
2022-03-14 13:30,75,未分类,摸鱼,未分类,,,,已完成
2022-03-14 14:45,15,未分类,隐私相关1,未分类,,,,已完成
2022-03-14 15:00,60,未分类,摸鱼,未分类,,,,已完成
2022-03-14 16:00,30,未分类,代码,未分类,,,,已完成
2022-03-14 16:30,45,未分类,碎片时间,未分类,,,,已完成
2022-03-14 17:15,30,未分类,家务事,未分类,,,,已完成
2022-03-14 17:45,60,未分类,摸鱼,未分类,,,,已完成
2022-03-14 18:45,15,未分类,开会,未分类,,,,已完成
2022-03-14 19:00,45,未分类,摸鱼,未分类,,,,已完成
2022-03-14 19:45,30,未分类,碎片时间,未分类,,,,已完成
2022-03-14 20:15,120,未分类,打游戏,未分类,,,,已完成
2022-03-14 22:15,45,未分类,摸鱼,未分类,,,,已完成
2022-03-14 23:00,105,未分类,隐私相关1,未分类,,,,已完成
2022-03-15 00:45,420,未分类,休息,未分类,,,,已完成
2022-03-15 07:45,45,未分类,摸鱼,未分类,,,,已完成
2022-03-15 08:30,60,未分类,隐私相关1,未分类,,,,已完成
2022-03-15 09:30,30,未分类,摸鱼,未分类,,,,已完成
2022-03-15 10:00,60,未分类,碎片时间,未分类,,,,已完成
2022-03-15 11:00,45,未分类,家务事,未分类,,,,已完成
2022-03-15 11:45,30,未分类,碎片时间,未分类,,,,已完成
2022-03-15 12:15,75,未分类,打游戏,未分类,,,,已完成
2022-03-15 13:30,15,未分类,摸鱼,未分类,,,,已完成
2022-03-15 13:45,30,未分类,隐私相关1,未分类,,,,已完成
2022-03-15 14:15,30,未分类,业余爱好,未分类,,,,已完成
2022-03-15 14:45,15,未分类,碎片时间,未分类,,,,已完成
2022-03-15 15:00,15,未分类,隐私相关1,未分类,,,,已完成
2022-03-15 15:15,15,未分类,摸鱼,未分类,,,,已完成
2022-03-15 15:30,75,未分类,碎片时间,未分类,,,,已完成
2022-03-15 16:45,15,未分类,开会,未分类,,,,已完成
2022-03-15 17:00,15,未分类,碎片时间,未分类,,,,已完成
2022-03-15 17:15,60,未分类,打游戏,未分类,,,,已完成
2022-03-15 18:15,30,未分类,家务事,未分类,,,,已完成
2022-03-15 18:45,45,未分类,碎片时间,未分类,,,,已完成
2022-03-15 19:30,15,未分类,家务事,未分类,,,,已完成
2022-03-15 19:45,15,未分类,业余爱好,未分类,,,,已完成
2022-03-15 20:00,15,未分类,摸鱼,未分类,,,,已完成
2022-03-15 20:15,30,未分类,打游戏,未分类,,,,已完成
2022-03-15 20:45,15,未分类,摸鱼,未分类,,,,已完成
2022-03-15 21:00,15,未分类,碎片时间,未分类,,,,已完成
2022-03-15 21:15,75,未分类,打游戏,未分类,,,,已完成
2022-03-15 22:30,15,未分类,碎片时间,未分类,,,,已完成
2022-03-15 22:45,75,未分类,打游戏,未分类,,,,已完成
2022-03-16 00:00,45,未分类,摸鱼,未分类,,,,已完成
2022-03-16 00:45,15,未分类,业余爱好,未分类,,,,已完成
2022-03-16 01:00,30,未分类,摸鱼,未分类,,,,已完成
2022-03-16 01:30,390,未分类,休息,未分类,,,,已完成
2022-03-16 08:00,15,未分类,碎片时间,未分类,,,,已完成
2022-03-16 08:15,30,未分类,摸鱼,未分类,,,,已完成
2022-03-16 08:45,45,未分类,隐私相关1,未分类,,,,已完成
2022-03-16 09:30,15,未分类,休息,未分类,,,,已完成
2022-03-16 09:45,15,未分类,隐私相关1,未分类,,,,已完成
2022-03-16 10:00,45,未分类,摸鱼,未分类,,,,已完成
2022-03-16 10:45,15,未分类,代码,未分类,,,,已完成
2022-03-16 11:00,15,未分类,碎片时间,未分类,,,,已完成
2022-03-16 11:15,30,未分类,家务事,未分类,,,,已完成
2022-03-16 11:45,15,未分类,摸鱼,未分类,,,,已完成
2022-03-16 12:00,30,未分类,碎片时间,未分类,,,,已完成
2022-03-16 12:30,15,未分类,打游戏,未分类,,,,已完成
2022-03-16 12:45,45,未分类,碎片时间,未分类,,,,已完成
2022-03-16 13:30,75,未分类,打游戏,未分类,,,,已完成
2022-03-16 14:45,15,未分类,摸鱼,未分类,,,,已完成
2022-03-16 15:00,60,未分类,代码,未分类,,,,已完成
2022-03-16 16:00,15,未分类,碎片时间,未分类,,,,已完成
2022-03-16 16:15,60,未分类,摸鱼,未分类,,,,已完成
2022-03-16 17:15,45,未分类,家务事,未分类,,,,已完成
2022-03-16 18:00,30,未分类,摸鱼,未分类,,,,已完成
2022-03-16 18:30,30,未分类,家务事,未分类,,,,已完成
2022-03-16 19:00,15,未分类,碎片时间,未分类,,,,已完成
2022-03-16 19:15,15,未分类,摸鱼,未分类,,,,已完成
2022-03-16 19:30,45,未分类,碎片时间,未分类,,,,已完成
2022-03-16 20:15,30,未分类,摸鱼,未分类,,,,已完成
2022-03-16 20:45,30,未分类,代码,未分类,,,,已完成
2022-03-16 21:15,90,未分类,碎片时间,未分类,,,,已完成
2022-03-16 22:45,165,未分类,摸鱼,未分类,,,,已完成
2022-03-17 01:30,375,未分类,休息,未分类,,,,已完成
2022-03-17 07:45,45,未分类,摸鱼,未分类,,,,已完成
2022-03-17 08:30,45,未分类,隐私相关1,未分类,,,,已完成
2022-03-17 09:15,30,未分类,摸鱼,未分类,,,,已完成
2022-03-17 09:45,75,未分类,打游戏,未分类,,,,已完成
2022-03-17 11:00,30,未分类,碎片时间,未分类,,,,已完成
2022-03-17 11:30,15,未分类,摸鱼,未分类,,,,已完成
2022-03-17 11:45,15,未分类,碎片时间,未分类,,,,已完成
2022-03-17 12:00,15,未分类,摸鱼,未分类,,,,已完成
2022-03-17 12:15,15,未分类,碎片时间,未分类,,,,已完成
2022-03-17 12:30,45,未分类,打游戏,未分类,,,,已完成
2022-03-17 13:15,30,未分类,碎片时间,未分类,,,,已完成
2022-03-17 13:45,90,未分类,打游戏,未分类,,,,已完成
2022-03-17 15:15,15,未分类,碎片时间,未分类,,,,已完成
2022-03-17 15:30,15,未分类,代码,未分类,,,,已完成
2022-03-17 15:45,45,未分类,摸鱼,未分类,,,,已完成
2022-03-17 16:30,75,未分类,碎片时间,未分类,,,,已完成
2022-03-17 17:45,15,未分类,家务事,未分类,,,,已完成
2022-03-17 18:00,30,未分类,碎片时间,未分类,,,,已完成
2022-03-17 18:30,45,未分类,家务事,未分类,,,,已完成
2022-03-17 19:15,15,未分类,碎片时间,未分类,,,,已完成
2022-03-17 19:30,90,未分类,家务事,未分类,,,,已完成
2022-03-17 21:00,15,未分类,业余爱好,未分类,,,,已完成
2022-03-17 21:15,15,未分类,碎片时间,未分类,,,,已完成
2022-03-17 21:30,15,未分类,摸鱼,未分类,,,,已完成
2022-03-17 21:45,15,未分类,碎片时间,未分类,,,,已完成
2022-03-17 22:00,15,未分类,代码,未分类,,,,已完成
2022-03-17 22:15,15,未分类,碎片时间,未分类,,,,已完成
2022-03-17 22:30,45,未分类,摸鱼,未分类,,,,已完成
2022-03-17 23:15,150,未分类,碎片时间,未分类,,,,已完成
2022-03-18 01:45,15,未分类,摸鱼,未分类,,,,已完成
2022-03-18 02:00,405,未分类,休息,未分类,,,,已完成
2022-03-18 08:45,45,未分类,摸鱼,未分类,,,,已完成
2022-03-18 09:30,15,未分类,碎片时间,未分类,,,,已完成
2022-03-18 09:45,30,未分类,业余爱好,未分类,,,,已完成
2022-03-18 10:15,30,未分类,代码,未分类,,,,已完成
2022-03-18 10:45,15,未分类,摸鱼,未分类,,,,已完成
2022-03-18 11:00,30,未分类,打游戏,未分类,,,,已完成
2022-03-18 11:30,30,未分类,家务事,未分类,,,,已完成
2022-03-18 12:00,45,未分类,摸鱼,未分类,,,,已完成
2022-03-18 12:45,30,未分类,碎片时间,未分类,,,,已完成
2022-03-18 13:15,45,未分类,业余爱好,未分类,,,,已完成
2022-03-18 14:00,30,未分类,碎片时间,未分类,,,,已完成
2022-03-18 14:30,135,未分类,打游戏,未分类,,,,已完成
2022-03-18 16:45,15,未分类,碎片时间,未分类,,,,已完成
2022-03-18 17:00,15,未分类,隐私相关1,未分类,,,,已完成
2022-03-18 17:15,30,未分类,代码,未分类,,,,已完成
2022-03-18 17:45,30,未分类,碎片时间,未分类,,,,已完成
2022-03-18 18:15,45,未分类,家务事,未分类,,,,已完成
2022-03-18 19:00,15,未分类,碎片时间,未分类,,,,已完成
2022-03-18 19:15,15,未分类,摸鱼,未分类,,,,已完成
2022-03-18 19:30,30,未分类,家务事,未分类,,,,已完成
2022-03-18 20:00,15,未分类,摸鱼,未分类,,,,已完成
2022-03-18 20:15,90,未分类,打游戏,未分类,,,,已完成
2022-03-18 21:45,15,未分类,碎片时间,未分类,,,,已完成
2022-03-18 22:00,60,未分类,打游戏,未分类,,,,已完成
2022-03-18 23:00,15,未分类,碎片时间,未分类,,,,已完成
2022-03-18 23:15,60,未分类,隐私相关1,未分类,,,,已完成
2022-03-19 00:15,45,未分类,摸鱼,未分类,,,,已完成
2022-03-19 01:00,15,未分类,隐私相关1,未分类,,,,已完成
2022-03-19 01:15,435,未分类,休息,未分类,,,,已完成
2022-03-19 08:30,30,未分类,摸鱼,未分类,,,,已完成
2022-03-19 09:00,15,未分类,碎片时间,未分类,,,,已完成
2022-03-19 09:15,60,未分类,家务事,未分类,,,,已完成
2022-03-19 10:15,15,未分类,碎片时间,未分类,,,,已完成
2022-03-19 10:30,30,未分类,代码,未分类,,,,已完成
2022-03-19 11:00,45,未分类,碎片时间,未分类,,,,已完成
2022-03-19 11:45,30,未分类,家务事,未分类,,,,已完成
2022-03-19 12:15,60,未分类,碎片时间,未分类,,,,已完成
2022-03-19 13:15,45,未分类,摸鱼,未分类,,,,已完成
2022-03-19 14:00,30,未分类,碎片时间,未分类,,,,已完成
2022-03-19 14:30,15,未分类,摸鱼,未分类,,,,已完成
2022-03-19 14:45,15,未分类,碎片时间,未分类,,,,已完成
2022-03-19 15:00,90,未分类,打游戏,未分类,,,,已完成
2022-03-19 16:30,15,未分类,家务事,未分类,,,,已完成
2022-03-19 16:45,15,未分类,碎片时间,未分类,,,,已完成
2022-03-19 17:00,30,未分类,打游戏,未分类,,,,已完成
2022-03-19 17:30,45,未分类,家务事,未分类,,,,已完成
2022-03-19 18:15,30,未分类,打游戏,未分类,,,,已完成
2022-03-19 18:45,15,未分类,碎片时间,未分类,,,,已完成
2022-03-19 19:00,30,未分类,摸鱼,未分类,,,,已完成
2022-03-19 19:30,30,未分类,家务事,未分类,,,,已完成
2022-03-19 20:00,15,未分类,摸鱼,未分类,,,,已完成
2022-03-19 20:15,75,未分类,碎片时间,未分类,,,,已完成
2022-03-19 21:30,75,未分类,打游戏,未分类,,,,已完成
2022-03-19 22:45,15,未分类,碎片时间,未分类,,,,已完成
2022-03-19 23:00,15,未分类,摸鱼,未分类,,,,已完成
2022-03-19 23:15,45,未分类,隐私相关1,未分类,,,,已完成
2022-03-20 00:00,30,未分类,摸鱼,未分类,,,,已完成
2022-03-20 00:30,15,未分类,隐私相关1,未分类,,,,已完成
2022-03-20 00:45,450,未分类,休息,未分类,,,,已完成
2022-03-20 08:15,45,未分类,摸鱼,未分类,,,,已完成
2022-03-20 09:00,30,未分类,隐私相关1,未分类,,,,已完成
2022-03-20 09:30,15,未分类,摸鱼,未分类,,,,已完成
2022-03-20 09:45,15,未分类,碎片时间,未分类,,,,已完成
2022-03-20 10:00,45,未分类,代码,未分类,,,,已完成
2022-03-20 10:45,15,未分类,打游戏,未分类,,,,已完成
2022-03-20 11:00,45,未分类,家务事,未分类,,,,已完成
2022-03-20 11:45,15,未分类,摸鱼,未分类,,,,已完成
2022-03-20 12:00,30,未分类,家务事,未分类,,,,已完成
2022-03-20 12:30,15,未分类,摸鱼,未分类,,,,已完成
2022-03-20 12:45,45,未分类,代码,未分类,,,,已完成
2022-03-20 13:30,15,未分类,摸鱼,未分类,,,,已完成
2022-03-20 13:45,30,未分类,代码,未分类,,,,已完成
2022-03-20 14:15,15,未分类,摸鱼,未分类,,,,已完成
2022-03-20 14:30,45,未分类,代码,未分类,,,,已完成
2022-03-20 15:15,30,未分类,碎片时间,未分类,,,,已完成
2022-03-20 15:45,45,未分类,摸鱼,未分类,,,,已完成
2022-03-20 16:30,15,未分类,碎片时间,未分类,,,,已完成
2022-03-20 16:45,75,未分类,摸鱼,未分类,,,,已完成
2022-03-20 18:00,15,未分类,家务事,未分类,,,,已完成
2022-03-20 18:15,15,未分类,碎片时间,未分类,,,,已完成
2022-03-20 18:30,30,未分类,家务事,未分类,,,,已完成
2022-03-20 19:00,15,未分类,碎片时间,未分类,,,,已完成
2022-03-20 19:15,105,未分类,打游戏,未分类,,,,已完成
2022-03-20 21:00,75,未分类,碎片时间,未分类,,,,已完成
2022-03-20 22:15,15,未分类,打游戏,未分类,,,,已完成
2022-03-20 22:30,30,未分类,碎片时间,未分类,,,,已完成
2022-03-20 23:00,30,未分类,打游戏,未分类,,,,已完成
2022-03-20 23:30,60,未分类,摸鱼,未分类,,,,已完成
2022-03-21 00:30,45,未分类,隐私相关1,未分类,,,,已完成
2022-03-21 01:15,435,未分类,休息,未分类,,,,已完成
2022-03-21 08:30,30,未分类,摸鱼,未分类,,,,已完成
2022-03-21 09:00,45,未分类,碎片时间,未分类,,,,已完成
2022-03-21 09:45,45,未分类,打游戏,未分类,,,,已完成
2022-03-21 10:30,30,未分类,碎片时间,未分类,,,,已完成
2022-03-21 11:00,30,未分类,家务事,未分类,,,,已完成
2022-03-21 11:30,30,未分类,碎片时间,未分类,,,,已完成
2022-03-21 12:00,15,未分类,摸鱼,未分类,,,,已完成
2022-03-21 12:15,180,未分类,碎片时间,未分类,,,,已完成
2022-03-21 15:15,15,未分类,打游戏,未分类,,,,已完成
2022-03-21 15:30,15,未分类,碎片时间,未分类,,,,已完成
2022-03-21 15:45,30,未分类,打游戏,未分类,,,,已完成
2022-03-21 16:15,15,未分类,碎片时间,未分类,,,,已完成
2022-03-21 16:30,15,未分类,打游戏,未分类,,,,已完成
2022-03-21 16:45,30,未分类,碎片时间,未分类,,,,已完成
2022-03-21 17:15,30,未分类,家务事,未分类,,,,已完成
2022-03-21 17:45,75,未分类,摸鱼,未分类,,,,已完成
2022-03-21 19:00,15,未分类,碎片时间,未分类,,,,已完成
2022-03-21 19:15,15,未分类,家务事,未分类,,,,已完成
2022-03-21 19:30,15,未分类,碎片时间,未分类,,,,已完成
2022-03-21 19:45,30,未分类,打游戏,未分类,,,,已完成
2022-03-21 20:15,15,未分类,碎片时间,未分类,,,,已完成
2022-03-21 20:30,15,未分类,打游戏,未分类,,,,已完成
2022-03-21 20:45,15,未分类,碎片时间,未分类,,,,已完成
2022-03-21 21:00,30,未分类,摸鱼,未分类,,,,已完成
2022-03-21 21:30,15,未分类,代码,未分类,,,,已完成
2022-03-21 21:45,15,未分类,构思,未分类,,,,已完成
2022-03-21 22:00,15,未分类,摸鱼,未分类,,,,已完成
2022-03-21 22:15,30,未分类,碎片时间,未分类,,,,已完成
2022-03-21 22:45,15,未分类,摸鱼,未分类,,,,已完成
2022-03-21 23:00,15,未分类,构思,未分类,,,,已完成
2022-03-21 23:15,15,未分类,代码,未分类,,,,已完成
2022-03-21 23:30,30,未分类,摸鱼,未分类,,,,已完成
2022-03-22 00:00,15,未分类,碎片时间,未分类,,,,已完成
2022-03-22 00:15,45,未分类,摸鱼,未分类,,,,已完成
2022-03-22 01:00,450,未分类,休息,未分类,,,,已完成
2022-03-22 08:30,60,未分类,摸鱼,未分类,,,,已完成
2022-03-22 09:30,15,未分类,隐私相关1,未分类,,,,已完成
2022-03-22 09:45,15,未分类,休息,未分类,,,,已完成
2022-03-22 10:00,15,未分类,碎片时间,未分类,,,,已完成
2022-03-22 10:15,30,未分类,隐私相关1,未分类,,,,已完成
2022-03-22 10:45,15,未分类,摸鱼,未分类,,,,已完成
2022-03-22 11:00,15,未分类,代码,未分类,,,,已完成
2022-03-22 11:15,30,未分类,摸鱼,未分类,,,,已完成
2022-03-22 11:45,45,未分类,家务事,未分类,,,,已完成
2022-03-22 12:30,15,未分类,摸鱼,未分类,,,,已完成
2022-03-22 12:45,75,未分类,打游戏,未分类,,,,已完成
2022-03-22 14:00,30,未分类,代码,未分类,,,,已完成
2022-03-22 14:30,45,未分类,摸鱼,未分类,,,,已完成
2022-03-22 15:15,45,未分类,代码,未分类,,,,已完成
2022-03-22 16:00,15,未分类,摸鱼,未分类,,,,已完成
2022-03-22 16:15,45,未分类,碎片时间,未分类,,,,已完成
2022-03-22 17:00,60,未分类,摸鱼,未分类,,,,已完成
2022-03-22 18:00,15,未分类,休息,未分类,,,,已完成
2022-03-22 18:15,30,未分类,家务事,未分类,,,,已完成
2022-03-22 18:45,30,未分类,摸鱼,未分类,,,,已完成
2022-03-22 19:15,30,未分类,家务事,未分类,,,,已完成
2022-03-22 19:45,45,未分类,摸鱼,未分类,,,,已完成
2022-03-22 20:30,30,未分类,代码,未分类,,,,已完成
2022-03-22 21:00,15,未分类,碎片时间,未分类,,,,已完成
2022-03-22 21:15,15,未分类,代码,未分类,,,,已完成
2022-03-22 21:30,30,未分类,摸鱼,未分类,,,,已完成
2022-03-22 22:00,15,未分类,构思,未分类,,,,已完成
2022-03-22 22:15,15,未分类,摸鱼,未分类,,,,已完成
2022-03-22 22:30,15,未分类,碎片时间,未分类,,,,已完成
2022-03-22 22:45,60,未分类,摸鱼,未分类,,,,已完成
2022-03-22 23:45,75,未分类,代码,未分类,,,,已完成
2022-03-23 01:00,30,未分类,摸鱼,未分类,,,,已完成
2022-03-23 01:30,420,未分类,休息,未分类,,,,已完成
2022-03-23 08:30,45,未分类,摸鱼,未分类,,,,已完成
2022-03-23 09:15,30,未分类,碎片时间,未分类,,,,已完成
2022-03-23 09:45,75,未分类,开会,未分类,,,,已完成
2022-03-23 11:00,15,未分类,碎片时间,未分类,,,,已完成
2022-03-23 11:15,15,未分类,家务事,未分类,,,,已完成
2022-03-23 11:30,75,未分类,摸鱼,未分类,,,,已完成
2022-03-23 12:45,60,未分类,打游戏,未分类,,,,已完成
2022-03-23 13:45,15,未分类,碎片时间,未分类,,,,已完成
2022-03-23 14:00,30,未分类,摸鱼,未分类,,,,已完成
2022-03-23 14:30,15,未分类,代码,未分类,,,,已完成
2022-03-23 14:45,30,未分类,摸鱼,未分类,,,,已完成
2022-03-23 15:15,15,未分类,代码,未分类,,,,已完成
2022-03-23 15:30,15,未分类,摸鱼,未分类,,,,已完成
2022-03-23 15:45,30,未分类,构思,未分类,,,,已完成
2022-03-23 16:15,15,未分类,摸鱼,未分类,,,,已完成
2022-03-23 16:30,15,未分类,构思,未分类,,,,已完成
2022-03-23 16:45,15,未分类,摸鱼,未分类,,,,已完成
2022-03-23 17:00,15,未分类,碎片时间,未分类,,,,已完成
2022-03-23 17:15,30,未分类,家务事,未分类,,,,已完成
2022-03-23 17:45,45,未分类,摸鱼,未分类,,,,已完成
2022-03-23 18:30,30,未分类,家务事,未分类,,,,已完成
2022-03-23 19:00,15,未分类,碎片时间,未分类,,,,已完成
2022-03-23 19:15,30,未分类,摸鱼,未分类,,,,已完成
2022-03-23 19:45,75,未分类,打游戏,未分类,,,,已完成
2022-03-23 21:00,15,未分类,碎片时间,未分类,,,,已完成
2022-03-23 21:15,30,未分类,摸鱼,未分类,,,,已完成
2022-03-23 21:45,15,未分类,碎片时间,未分类,,,,已完成
2022-03-23 22:00,30,未分类,构思,未分类,,,,已完成
2022-03-23 22:30,15,未分类,碎片时间,未分类,,,,已完成
2022-03-23 22:45,45,未分类,摸鱼,未分类,,,,已完成
2022-03-23 23:30,15,未分类,碎片时间,未分类,,,,已完成
2022-03-23 23:45,75,未分类,摸鱼,未分类,,,,已完成
2022-03-24 01:00,420,未分类,休息,未分类,,,,已完成
2022-03-24 08:00,60,未分类,摸鱼,未分类,,,,已完成
2022-03-24 09:00,30,未分类,业余爱好,未分类,,,,已完成
2022-03-24 09:30,15,未分类,摸鱼,未分类,,,,已完成
2022-03-24 09:45,60,未分类,碎片时间,未分类,,,,已完成
2022-03-24 10:45,45,未分类,家务事,未分类,,,,已完成
2022-03-24 11:30,15,未分类,摸鱼,未分类,,,,已完成
2022-03-24 11:45,30,未分类,打游戏,未分类,,,,已完成
2022-03-24 12:15,30,未分类,碎片时间,未分类,,,,已完成
2022-03-24 12:45,15,未分类,摸鱼,未分类,,,,已完成
2022-03-24 13:00,15,未分类,碎片时间,未分类,,,,已完成
2022-03-24 13:15,75,未分类,摸鱼,未分类,,,,已完成
2022-03-24 14:30,30,未分类,业余爱好,未分类,,,,已完成
2022-03-24 15:00,15,未分类,摸鱼,未分类,,,,已完成
2022-03-24 15:15,15,未分类,碎片时间,未分类,,,,已完成
2022-03-24 15:30,45,未分类,业余爱好,未分类,,,,已完成
2022-03-24 16:15,15,未分类,摸鱼,未分类,,,,已完成
2022-03-24 16:30,30,未分类,业余爱好,未分类,,,,已完成
2022-03-24 17:00,15,未分类,碎片时间,未分类,,,,已完成
2022-03-24 17:15,30,未分类,摸鱼,未分类,,,,已完成
2022-03-24 17:45,15,未分类,业余爱好,未分类,,,,已完成
2022-03-24 18:00,15,未分类,家务事,未分类,,,,已完成
2022-03-24 18:15,15,未分类,碎片时间,未分类,,,,已完成
2022-03-24 18:30,30,未分类,家务事,未分类,,,,已完成
2022-03-24 19:00,15,未分类,碎片时间,未分类,,,,已完成
2022-03-24 19:15,15,未分类,家务事,未分类,,,,已完成
2022-03-24 19:30,15,未分类,摸鱼,未分类,,,,已完成
2022-03-24 19:45,30,未分类,碎片时间,未分类,,,,已完成
2022-03-24 20:15,30,未分类,业余爱好,未分类,,,,已完成
2022-03-24 20:45,15,未分类,摸鱼,未分类,,,,已完成
2022-03-24 21:00,30,未分类,业余爱好,未分类,,,,已完成
2022-03-24 21:30,15,未分类,摸鱼,未分类,,,,已完成
2022-03-24 21:45,45,未分类,业余爱好,未分类,,,,已完成
2022-03-24 22:30,45,未分类,碎片时间,未分类,,,,已完成
2022-03-24 23:15,75,未分类,摸鱼,未分类,,,,已完成
2022-03-25 00:30,465,未分类,休息,未分类,,,,已完成
2022-03-25 08:15,90,未分类,碎片时间,未分类,,,,已完成
2022-03-25 09:45,15,未分类,摸鱼,未分类,,,,已完成
2022-03-25 10:00,90,未分类,碎片时间,未分类,,,,已完成
2022-03-25 11:30,15,未分类,打游戏,未分类,,,,已完成
2022-03-25 11:45,15,未分类,碎片时间,未分类,,,,已完成
2022-03-25 12:00,30,未分类,摸鱼,未分类,,,,已完成
2022-03-25 12:30,15,未分类,隐私相关1,未分类,,,,已完成
2022-03-25 12:45,60,未分类,休息,未分类,,,,已完成
2022-03-25 13:45,30,未分类,摸鱼,未分类,,,,已完成
2022-03-25 14:15,15,未分类,碎片时间,未分类,,,,已完成
2022-03-25 14:30,30,未分类,摸鱼,未分类,,,,已完成
2022-03-25 15:00,45,未分类,打游戏,未分类,,,,已完成
2022-03-25 15:45,15,未分类,家务事,未分类,,,,已完成
2022-03-25 16:00,15,未分类,碎片时间,未分类,,,,已完成
2022-03-25 16:15,135,未分类,家务事,未分类,,,,已完成
2022-03-25 18:30,45,未分类,碎片时间,未分类,,,,已完成
2022-03-25 19:15,15,未分类,摸鱼,未分类,,,,已完成
2022-03-25 19:30,30,未分类,碎片时间,未分类,,,,已完成
2022-03-25 20:00,30,未分类,业余爱好,未分类,,,,已完成
2022-03-25 20:30,45,未分类,摸鱼,未分类,,,,已完成
2022-03-25 21:15,150,未分类,碎片时间,未分类,,,,已完成
2022-03-25 23:45,30,未分类,打游戏,未分类,,,,已完成
2022-03-26 00:15,15,未分类,碎片时间,未分类,,,,已完成
2022-03-26 00:30,45,未分类,隐私相关1,未分类,,,,已完成
2022-03-26 01:15,30,未分类,摸鱼,未分类,,,,已完成
2022-03-26 01:45,240,未分类,休息,未分类,,,,已完成
2022-03-26 05:45,15,未分类,碎片时间,未分类,,,,已完成
2022-03-26 06:00,135,未分类,休息,未分类,,,,已完成
2022-03-26 08:15,105,未分类,摸鱼,未分类,,,,已完成
2022-03-26 10:00,30,未分类,碎片时间,未分类,,,,已完成
2022-03-26 10:30,15,未分类,摸鱼,未分类,,,,已完成
2022-03-26 10:45,15,未分类,打游戏,未分类,,,,已完成
2022-03-26 11:00,30,未分类,业余爱好,未分类,,,,已完成
2022-03-26 11:30,15,未分类,碎片时间,未分类,,,,已完成
2022-03-26 11:45,45,未分类,家务事,未分类,,,,已完成
2022-03-26 12:30,15,未分类,摸鱼,未分类,,,,已完成
2022-03-26 12:45,30,未分类,打游戏,未分类,,,,已完成
